TWMSUZ,SZV6K9,SZUSUF,SZSL1U,SZR4IJ,SZJ9TR,SZDMG4,SZD7LN,SZAQLN
SZ3681,SYXYZ3,SYT6W7,SYS48L,SYRQ93,SYQY9G,SYPBAP,SYN1ZN,SYKACA
SYK8Z1,SYE1W7,SYCKBJ,SYCCPN,SY4UA2,SXREBY,SXQF5E,SXM761,SXLTFD
SXJ9D9,SXI448,SXENNF,SXCQBF,SXAM2F,SX9CK1,SX5L1N,SX4RU2,SX3JHR
SWXDLH,SWWYMQ,SWWXSJ,SWW9MY,SWVYGB,SWRMTZ,SWQGFI,SWN6RA,SWKENH
SWFZ4S,SWD75D,SWCPHR,SWCDBL,SW7Z5G,SW7G35,SW7C9R,SW3QN7,SW25TL
SVQQM6,SVPRQ2,SVP5EU,SVIZ6F,SVIDWD,SVEE8G,SVEDVP,SVB772,SV8IUV
SV6RAV,SV6E1B,SV3FQX,SUZCQY,SUZ4K7,SUTLAE,SUF4AU,SU8V21,SU7AKS
SU4NHF,SU4HY7,STYQAP,STXEQL,STX9FG,STWGS7,STTSZ1,STTDET,STRE3W
STNJ53,ST9NDM,ST1GSL,SSZ8FI,SSXWSJ,SSU7I8,SSM4QL,SSKZMY,SSJCBC
SSGZYJ,SSCSP5,SSCANJ,SSBH2P,SS53VH,SRW2DG,SRV8TB,SRU14H,SRTMZQ
SRTGEP,SRSUHU,SRRDDU,SRKIWT,SRHA4I,SQXFAS,SQWIE6,SQUIS5,SQUCDQ
SQSMKX,SQEPJB,SQCBWD,SQ7Z62,SQ6ZZC,SQ4T1F,SQ1XAM,SPXKPM,SPX5DB
SPK44E,SP1T7Q,SP1G83,SNZA44,SNY2YK,SNWWAR,SNWPE7,SNUIG8,SNPVYZ
SNNLP5,SNHMTA,SNHFNA,SNGR22,SNCYVW,SNAD8V,SN4FTI,SN38VX,SMYJSL
SMVZTZ,SMVZCI,SMVG3N,SMVFTY,SMVEFV,SMU3IU,SMT6FX,SMFBFD,SMAAFT
SM4FSJ,SLYK4R,SLXE7U,SLVGTQ,SLV9QB,SLT12P,SLRDI2,SLQREX,SLK2A1
SLIF9H,SLI6NF,SLG68I,SLEUWN,SLCSAC,SKZWXA,SKT454,SKI3WE,SKHQZH
SKE1JM,SKASHW,SKA3ET,SK5LLK,SK22VR,SJZE11,SJTSCD,SJTQAZ,SJP55U
SJIG6X,SJDWRQ,SJ7EFG,SJ6JMF,SJ3HLP,SJ1HKT,SIWP6U,SISYP7,SIMNGA
SIEAW2,SI8F8G,SI6LVJ,SI14NE,SHZYGR,SHXKA8,SHX3W3,SHVI6W,SHTGHU
SHSXC8,SHSD18,SHPD8L,SHNETK,SHIG1C,SHE3XN,SH8R63,SH8AIV,SH83L9
SH6YIM,SGZU2R,SGXH9J,SGWJK6,SGUL2X,SGR1ZM,SGP7GE,SGM3AI,SGLXNL
SGJTCW,SGDIVY,SGC759,SGBI2B,SG7SPK,SG5TMT,SG5458,SG2MR5,SFVBIK
SFTJSQ,SFSEVJ,SFPEEA,SF8T8D,SEZYRQ,SEZKL3,SESHFG,SERAI8,SEGFVM
SEFXVR,SEEYYQ,SE8RYN,SE7AUC,SE5BQW,SE2U7N,SE2JGY,SDTD9S,SDQDZ6
SDIZPI,SDHJA9,SDFEUJ,SDE6FK,SDDQUD,SDB1Z8,SD83BH,SD6KJV,SD5YUE
SD5XB1,SD14WM,SCYI8J,SCXP6P,SCV545,SCV1V4,SCTKWI,SCRL8H,SCK7MX
SCK2Q6,SCE6MQ,SC7SK8,SC7C6R,SC77X7,SC6UKI,SBYPJ3,SBQMJL,SAZJ1V
SAYS7G,SAXCYX,SAHAT4,SAG3UB,SAEK1Q,SAAKF7,SA6IEU,SA5ANM,S9Z2FS
S9U1CN,S9TMZM,S9P71P,S9LZ4Y,S9JK8W,S9A2EL,S94DNX,S8UXDX,S8TBB3
S8PDEG,S8LC7X,S8IA53,S8C1YV,S8AX9V,S86ZKW,S7X5E8,S7WW2Q,S7WFLC
S7V2TC,S7TDP5,S7PI1S,S7M119,S7LJ4V,S7LIZG,S7G422,S7FYHZ,S7EBND
S77ZPV,S6ZZQF,S6XK33,S6WKYR,S6V4VI,S6V1WY,S6TQEX,S6SG7K,S6RUQE
S6M56Y,S6LXDC,S6LNZG,S6H1D7,S6G5IX,S6E98X,S6BDTY,S68GHC,S65CK6
S648FJ,S62FJS,S5S3W7,S5LQHG,S5LDBK,S5E4VG,S5E42D,S5C232,S53W5X
S529WD,S4ZUWT,S4WZ8S,S4WSRM,S4TF4F,S4T5ZR,S4LJZC,S4JA9K,S4DQW1
S4D6GA,S4CWDG,S49KIW,S497DV,S48289,S46JNL,S3VBP3,S3KU1Y,S3K7RG
S32ZP3,S2Z4FK,S2W5EL,S2V2G8,S2UINV,S2T81R,S2JGJ5,S2911G,S265BR
S2354F,S1ZLA5,S1QD52,S1N1K4,S1BA6F,S143B1,S11UDY,KUYAKD,FBRKS5
DZXL9K,DZXGHI,DZMW7W,DZJBL6,DZIJ7C,DZGREB,DZF74T,DZES6R,DZA8FH
DZ61RF,DZ557M,DZ3YDZ,DYUUQT,DYMY9M,DYKNMY,DY8GJZ,DY5EJY,DXZ66G
DXXW9Z,DXXIDM,DXW5W6,DXV2BB,DXQLKY,DXN1LP,DXL9B8,DXKJER,DXINUA
DXHRTZ,DXBWX8,DXA2QV,DX9QGJ,DX7SWU,DX7FS6,DX5FXP,DX4ZBB,DWWZZI
DWUMG2,DWS5YF,DWP1TB,DWN857,DWMM9J,DWJHY4,DWF47I,DWC3V8,DWABFI
DW8ASK,DW882L,DW5XZQ,DW448U,DW38UU,DVYNWA,DVT3WJ,DVRQ4N,DVJML9
DVI2JQ,DVG2C2,DVG21H,DVFCZN,DVF9NK,DUZNW5,DUYYTM,DUWERK,DUUIGW
DUS2QB,DUNHLK,DULUH2,DUJAHZ,DUICJC,DUH4HV,DUDTN9,DUAU82,DU8U1C
DU888B,DU4L22,DU3PC1,DTZGL8,DTY45Y,DTSNXW,DTR9WU,DTPUCW,DTHUSA
DTGYLS,DSXTTB,DSUF16,DSRWN6,DSM9JD,DSKML3,DSIZRN,DSB7EJ,DS6BUZ
DS5HF2,DRZ7FS,DRVNXY,DRTMIP,DRPU72,DRL3WA,DRKGVT,DR58SM,DR5427
DR2TBR,DQVMQX,DQN79L,DQLUE3,DQHRFG,DQBZVP,DQ63CB,DQ1HVE,DQ1FZ1
DPXTXS,DPXHD8,DPX1UC,DPUYJW,DPR6QF,DPPGCR,DPNU5L,DPMKB1,DPMG3W
DPJ7LF,DPDTDX,DPBW61,DP3CBV,DP2H83,DNXGZ6,DNVFXC,DNSLTM,DNLAPF
DNE58N,DN5X8K,DN3N51,DN1HRU,DMZWPE,DMW3JP,DMUGX3,DMTJAW,DMPNVF
DMMGQW,DMH7Q7,DMFHM5,DMDEDJ,DMCJ1D,DM8GMY,DM687N,DLYUSD,DLYPJZ
DLTJIC,DLRQ1V,DLJSX6,DLJ5US,DLIV43,DLELTQ,DLEA7M,DL7XXN,DKZPRC
DKTBX1,DKRD4U,DKQRBN,DKM7S5,DKM6FC,DKDXIG,DK32K7,DK1IFR,DJZRB5
DJXMTT,DJWID6,DJU35I,DJSDC2,DJRDZX,DJ4G6H,DIZQYZ,DIX5F2,DILHBE
DIK3WP,DII58D,DIGQQA,DIER6A,DIDMTV,DI9AP1,DI7PXH,DI1RBA,DHZJYN
DHXLU6,DHUJBL,DHL7MG,DHIN8T,DHGCQR,DHDE4Z,DH7QJS,DH6R6W,DH6329
DH4QAL,DH3NEF,DH1ZK2,DGZU1Z,DGWABP,DGUPNR,DGS7E1,DGQ8KD,DGPVJ8
DGPECJ,DGNR8F,DGLM2H,DGB31S,DG92RT,DG88Z3,DG83QJ,DFUYRW,DFTL2C
DFKIUL,DFJ9XT,DFGVJG,DF8UCB,DF4MPA,DEZ8UN,DEUZN8,DEUCEG,DETLQZ
DES15M,DEITFW,DECTNF,DE9EUJ,DE6KB8,DE3WPF,DDXRQL,DDWR2M,DDWNNU
DDVIX6,DDSHGX,DDRYCE,DDN7PM,DDCP2Z,DD5UAK,DD5J8N,DCUDZ7,DCU9YA
DCT99Q,DCRPFN,DCRKKK,DCM2NC,DCKUMG,DCJ4PL,DCILXC,DCCQVT,DCCP8S
DC5NT5,DC36BV,DBTR6W,DBQY5Q,DBPMYM,DBPH1Q,DBPDWY,DBMQ5N,DBLUZM
DBJP1C,DBI4LX,DBFYIN,DBB6SP,DB8J25,DB5WDL,DB25JA,DB1MQ9,DARELX
DAGV45,DACGVK,DAB29Y,DA5DDV,DA2A4N,D9XGB7,D9PXAK,D9MAZ1,D9KQ65
D9G4GP,D9DPYT,D9C9IH,D9BW82,D92MG3,D8W7KX,D8W3BA,D8U5QC,D8TDV1
D8Q3SL,D8HG2E,D8DWWV,D8AZ3R,D89YN4,D89MV1,D88U8R,D86F38,D867GJ
D84NJ2,D829KA,D81G55,D81F7M,D7QL3R,D7KDC4,D7KAAR,D7FXCY,D78DGL
D6XZDY,D6WTCY,D6SWJJ,D6QIVD,D6NSA6,D6IYN5,D6IYER,D6DR1C,D6DPBH
D6ALQH,D61LAF,D5VAZA,D5Q1B9,D5PDH2,D5MHMT,D5JDN8,D5J26X,D5HK98
D5FRSZ,D5BCXT,D59B4D,D57W93,D542F4,D53B4J,D51525,D4X13Y,D4V9ZF
D4MWZ8,D4LSSS,D4BNGF,D468RG,D462UW,D3Z8XU,D3WJ1B,D3WBG9,D3HEID
D3ELR8,D3APCN,D395ZK,D3891T,D3629S,D33FD9,D2ZVT4,D2V8EQ,D2SH5S
D2R75G,D2M93P,D2HM99,D2ANKZ,D294T3,D28HBE,D25AQ7,D1VP6G,D1PK5E
D1MCP4,D1J9BT,D1J8XI,D1HFX6,D1C5V1,D159X9,D14AM5,AZYZV5,AZQ6AE
AZLU6V,AZKZCL,AZJKVJ,AZHSN4,AZHNMJ,AZCNMP,AZ7AUA,AZ49QE,AZ1CE3
AZ16J4,AYYDKJ,AYXISJ,AYQ5QK,AYP5ZQ,AYAB42,AY5KQK,AY13G4,AXZ6ST
AXY5TI,AXUJX5,AXFNNR,AXEM2M,AXC3YK,AX6REI,AX57UZ,AX2GHQ,AX1D77
AWW2EQ,AWVFLL,AWLN3Z,AWHCPX,AWGJZM,AW7BP6,AVZNNT,AVZDX4,AVWL5Q
AVWALQ,AVNHLP,AVJPAA,AVJEZQ,AVGBH6,AVDEEW,AVCBMI,AVA69T,AV68QK
AV51BS,AUVMY4,AURP6E,AUKM97,AUK4UE,AUHIUK,AUDAY4,AUD3YS,AUAN41
AU8TGL,AU3I2W,ATZIXL,ATZ9J9,ATTLTZ,ATLNZY,ATEY63,ATDLZ1,ATCI1U
ATCGIZ,ATB46M,AT7IKI,AT7HBD,AT55GZ,AT3F14,ASYN2C,ASY6TK,ASTHCS
ASQZJP,ASPWR3,ASN4WZ,ASLNVL,AS5TN2,AS5LCS,AS3XLB,AS3R8E,AS15US
ARZMQ6,ARWNE6,ARP6RF,ARKX81,ARI8PR,ARCL8V,ARAQ43,AR9XFD,AR8HYU
AR6XJM,AR5NUS,AQT6XS,AQRKYV,AQR2FP,AQPW5G,AQMT2V,AQMCPA,AQM3B8
AQLFL2,AQKZ7E,AQB46P,AQ78BW,AQ6AKX,APRZV4,APLNXW,APLBRN,APJKZY
APGIX5,APFV84,APF5MJ,AP9GCY,AP86CL,AP6FRI,AP6189,AP48M3,AP3WDS
AP3CIT,ANVUXX,ANV9NU,ANUWF2,ANQLJM,ANJVSG,ANHHE7,ANH9HR,AND3UR
AN7HG1,AN6VUK,AN55K8,AN4IPF,AN1DBE,AMZ66S,AMWSW5,AMWERQ,AMVXL1
AMRS7X,AMP25B,AMNYX2,AMMVIA,AMMC3A,AMIKV4,AMCLSF,AMBPZ2,AM83VM
AM7U2V,AM7MYU,AM3M7R,ALZ2IB,ALX3KU,ALWR15,ALW13M,ALUAAM,ALT396
ALQXKQ,ALBXET,AL8PDC,AL7E2K,AL2KAV,AL15ZU,AKYIMU,AKUWBL,AKMFB5
AKGMZ3,AKGMUK,AKE5DB,AKCQSM,AK86IT,AK7JTU,AK3J4B,AK3HWD,AK2YJX
AK1FVJ,AJSW3D,AJS2ST,AJFSSB,AJEKBS,AJBITU,AJ8RB8,AJ423J,AJ3M86
AIYAVJ,AIVIWT,AISZQY,AIPNBU,AIII9N,AIFB9K,AIEF2S,AIDW3U,AIB8FJ
AI9UNF,AI5REU,AI54HU,AI4XWD,AI2GGE,AHQWPV,AHQKUG,AHEXMQ,AHCPMD
AHCIA6,AH6NRH,AH2K29,AGUHF5,AGJN9T,AG98I9,AG59JN,AG292S,AG1IN6
AFZA5F,AFM4F5,AFLYIQ,AFLAVD,AFBIN1,AFBI7B,AF8RHZ,AF78BC,AF6Z4R
AF6W1S,AET37I,AEPP2T,AEP4FP,AENU28,AEIW93,AEFCJU,AEB13Q,AEA8MA
AEA6BX,AE9XDR,AE9AG1,AE6RD7,AE664A,AE5ZDN,ADZDLX,ADLJPA,ADKM35
ADCTKQ,ADBTH8,AD48RL,ACZNGI,ACY7R7,ACPN9Z,ACN9GT,ACK2EC,ACJL2S
ACHWBH,ACGPPX,ACEL6X,ACCG6S,AC8JAD,ABQNA6,ABDH7J,AB66BR,AB1IJY
AAZV69,AAYD2L,AAT9J6,AAKVYH,AAJYQ4,AAG98X,AACXWP,AACCUN,AAAS9H
AA4PEB,AA2LQY,AA1NF2,A9ZC6Y,A9T7LG,A9SHJ6,A9SHHS,A9SFHX,A9R89T
A9M3UA,A9GARC,A9C42Z,A9AW3Z,A97PRG,A9686S,A96823,A8UDQA,A8TCWN
A8LYMK,A8KB3Z,A8JE5P,A8HYNC,A8FIQI,A8ALZY,A89DQP,A83UQC,A82LRI
A82E7F,A7WRUI,A7SKJ8,A7SEA4,A7SASR,A7N2K7,A7CPU2,A7725N,A76RDJ
A76FFP,A73F8J,A6KZE4,A6KA1Q,A6GDHK,A5Y4R1,A5W8DT,A5R3I8,A5QZ3D
A5PKZA,A5MQNL,A5KHZ4,A5GTSZ,A5GG67,A5BKW8,A5A4HN,A538LG,A52HSI
A4U3VQ,A4SQHF,A49X3T,A4788P,A452AG,A41H9Z,A3VM2R,A3TV3Q,A3RLJP
A3M587,A3BAXC,A3AVVA,A367AM,A35CXM,A2WUG4,A2W1H9,A2NR7T,A2FZN2

