Арасака,Милитех,Полиция,Медцентр,КВЕСТ
FWKYML,EK9LXP,BWCJU2,1RWK8G,K8QGH4
USBYBV,XQYZDQ,KYAGIJ,I1GYPI,K8QGH4
QU6KP5,9RE6WH,6VBK8R,LGAHW9,K8QGH4
VZW17K,VP2NNS,U8YCMX,8W14WN,K8QGH4
PUVD8A,PKFRWI,53S5K7,26CHPE,K8QGH4
KRGNJN,47IJ14,M7AKAW,GBENCE,K8QGH4
HR75X9,VIX6Y4,P4HZV8,6YAZK7,3BQT74
1F6DRC,7ATZGH,XZ4IZF,VGXPGZ,3BQT74
JVRJYT,C4KQYD,4W923Z,4H9RUK,3BQT74
XFQ46V,GNGALZ,XJ2CMK,G8ULNA,3BQT74
PWNXKZ,IKIZCD,2JG7G2,R31PKJ,3BQT74
61BNHI,P6MAM9,QRJAXC,7PEHKV,19DR9W
XDMHAR,IGISVT,7S653J,6ST742,19DR9W
U67IPK,XALF6Z,T8H4AS,XCYXCT,19DR9W
T3UGYG,8SXL6R,Q5DCLU,6DFCTN,19DR9W
TXPTPG,FYPXCR,HISDS6,2RH5CW,19DR9W
7YMIYW,31NJUU,7VI97R,MTXPNZ,24ZE6S
7CDHCM,EBSQWA,CGCLTS,GAV4WM,24ZE6S
LWZEIY,7ZBT86,QB4P24,TD9D9T,24ZE6S
W68XY9,RBXCE7,IZDC3Z,ZJQ1TG,24ZE6S
G6827H,BVGH8P,V2ZPRN,9FYJMF,24ZE6S

Инфо,Инфо,Инфо,Деньги,Деньги,Деньги
FYHN5F,EGW523,IWYLJF,URPURX,8LAKTL,NVE6ZP
I54YLN,NZADJ1,PJUJTB,U4PDWG,6KHYNK,F42LXV
5JDRY7,X4UUVQ,MA1UX7,XU78ZP,6SQ31N,FIK344
LMIW7A,C1P2EF,XMDTBY,Q9HHH9,BGEDHP,RYUJKT
KWP5IV,3DZ53D,E7L5KT,Z1788N,RVMVM4,BMKRIA
1754GR,GP3JZE,PKC698,6HTYA4,TECHVW,YJ18T5
CIIKXU,Z8A1YJ,72HY8P,ZGANEM,VQ7H8Q,P86UZC
4FEZXV,KL3K5M,JJ1SU1,JD2834,C9T2XX,33RNPR
4WPNMS,83VIR7,19A446,HS8D8Y,ZLW5GR,2XZRBQ
WPPLGW,7W4CFH,1G3IN4,6GI4NE,FQMK3D,KATB1Q
WGGTXS,BFD9YF,E4QST1,TLGQBX,FEHD1R,X9DNXR
GLUA2M,68ZHGX,8AXW27,U3H3MF,GSF2T1,JDFMJZ
Q33AQH,W1P6MC,2D9SYA,HVCF4B,Q833ZC,8A74LI
5933TQ,E14H57,LQ6EYX,3HVS8G,JJBUMU,G22R8Q
IUEHLQ,TP5KSQ,GH7HKD,8Q2LK5,H71TDS,BCSM3X
TSYFC7,RNG5AZ,RZAIDL,W8N4SG,C85116,BCFZWL
RWZZHF,WUQKM7,9LHDD2,7N2U2A,7E5CN8,M47FLX
GQ92V7,PNKGMW,26UY6D,UT5XW9,R1VBUU,65Z4PQ
5QW3KR,ZGPLLQ,74T7J7,EW4LRT,4JVKF8,QGNB6G
MIARZ2,TRRHUK,RVEG6J,MPG7JD,IX8KBW,LYS2ER
3WXPK1,YH5JSR,VVZG8Z,UWZBPD,7FJBQU,ZZKP3F

Деньги,Деньги,Деньги,Деньги,Деньги,Деньги
JGTJ9Z,XJ4DNF,6IR6C1,H7A1ER,IYFNWU,IQ1CUB
EVRTQ6,355RQZ,1Q1G6D,3PSPYX,6M3ZYH,KZ572G
VE9TJQ,ZL6TP2,YHWW3W,4Z4JHY,JZV2EZ,RNSVKW
V66KHC,8BHVAC,R5UD3N,EFUZ3S,XJXJCC,ZHGRAP
HX6EH3,PIKFJ1,MBEUR7,TVZDG7,QZUKU8,5PWQNJ
CPKMKF,WQ986Y,59X5ZU,R7EBXU,J7RDNK,BIE15F
LRLH4T,R6Z1C4,EYZS5C,XXR2G6,6QPXSI,QLRPNT
7KKKM7,F9PX83,PEKYE3,Z2P5SA,GAK597,NWFT9E
26VDKF,4QI9B8,1VPNE2,M3F11T,944CGV,7XZVCT
UMH799,23X3MF,EPTXXK,VY7YHR,5IRMMM,RCXBRS
T8STKH,W3LUTS,VQ9YNF,ENZFQ5,3ITFUJ,3S6W1C
JETRUQ,4IMIGC,VQVEZU,LSKTWQ,BKZ51W,ECXX5H
9V9FFD,8FFIUI,LP248T,8KV9PN,VS3EG8,WJSHVC
J84D4N,665U21,382R8P,TIJK74,ZX5EZG,VUMJ44
38K1ZL,Y5GT3A,5ZVQ9Z,MX7V7S,7VS6IP,7PWC8D
B9BQPU,CED9L9,BQ3I7V,LPRBJL,EV1ZVN,1V8XCE
2SRK4J,XWZIKT,X1IDZ6,VQK9UF,6NBGNZ,9C6TKK
B5L262,KS3U1P,FK1CFV,J6M3LC,JFBL3P,KXD819
IF4HNU,UZZ38G,3GTVGV,4JX1XP,7XVQPM,BVSGVY
F91W1H,TEJTG9,Y7GTL9,2ETQEM,1RDMZW,W5DDCW
6HR51V,GXIRUU,2GRN3T,7UBPD4,2VD8AA,ZLJFH7