Column1,Column2
Page 1,
Регенератор,VGE7C8
Керензиков v.1,P9FSL4
Баллистический сопроцессор v.1,BDX3XA
Антитокс,N7GLZ4
Усиленная мускулатура v.1,5TUZZR
Интралёд,PXKZV3
Милитех броня подкожная v.2,1URXLK
Киберзащита Gen 2,HC3M8U
Кибердека Зетатех D2,TQGTRL
Киберрука AR109,IP37TN
Киберрука AR04,KEML5Y
Чип памяти,P3B7TK
Порт кибермодема,EESV77
Милитех броня подкожная v.1,HC8XMP
Киберзащита Gen 1,QWVG6V
Кибердека EBM PNI 210,L3NGKJ
Киберрука AR04,66AP3Y
Чип памяти,UPSNZ5
Порт кибермодема,22XTKN
Милитех броня подкожная v.1,EQWYNZ
Киберзащита Gen 1,3TCHH1
Кибердека EBM PNI 210,IKZRST
Киберзащита Gen 3,R3KQ5P
Кибердека MT CAD-4,HS2L66
Оптический камуфляж,KRDQZR
Арасака броня подкожная,PG92QH
Баллистический сопроцессор v.2,4GEW6Y
Усиленная мускулатура v.2,5ZWV47
Киберрука AR2000,VSQCFU
Керензиков v.2,IYC39M
Моноструна,Z4XVKT
Спаситель,VKLP9Y
Берсерк,1NYK7Q
Регенератор,7LWFU3
Керензиков v.1,9UDFA4
Баллистический сопроцессор v.1,BGE9FB
Антитокс,CA3HI9
Усиленная мускулатура v.1,8CAGUB
Интралёд,LZKYWL
Милитех броня подкожная v.2,K356BX
Киберзащита Gen 2,XM3R5B
Кибердека Зетатех D2,T7VQIK
Киберрука AR109,7I5XWG
,
Page 2,
Регенератор,ZFFANU
Керензиков v.1,U47L12
Баллистический сопроцессор v.1,7ZR68K
Антитокс,8ZYZQL
Усиленная мускулатура v.1,V2E16I
Интралёд,17XNSX
Милитех броня подкожная v.2,JMUPF3
Киберзащита Gen 2,4EFENY
Кибердека Зетатех D2,RLDX94
Киберрука AR109,7F9M7A
Киберрука AR04,TV2P4I
Чип памяти,VPZPG7
Порт кибермодема,532AP3
Милитех броня подкожная v.1,MI3Z1C
Киберзащита Gen 1,KDBCKW
Кибердека EBM PNI 210,B7HZ6S
Киберрука AR04,LYGBCM
Чип памяти,V3LCA3
Порт кибермодема,TSBS2F
Милитех броня подкожная v.1,VDAVCL
Киберзащита Gen 1,ZTHJXX
Кибердека EBM PNI 210,QS4SLJ
Киберзащита Gen 3,V289WI
Кибердека MT CAD-4,EHBQ88
Оптический камуфляж,44GF5F
Арасака броня подкожная,PFAWD4
Баллистический сопроцессор v.2,H5YGGK
Усиленная мускулатура v.2,XTS28I
Киберрука AR2000,92VHEG
Керензиков v.2,7AHSYX
Моноструна,PG5QU8
Спаситель,BWBH21
Берсерк,4S7XJR
Регенератор,EC9Q35
Керензиков v.1,P6CBAV
Баллистический сопроцессор v.1,VYYLPZ
Антитокс,G5B7J7
Усиленная мускулатура v.1,EU97MS
Интралёд,G6YFMP
Милитех броня подкожная v.2,ZICD1M
Киберзащита Gen 2,Y8IVEN
Кибердека Зетатех D2,G7A7PH
Киберрука AR109,RQPNK8
,
Page 3,
Регенератор,2W6X8I
Керензиков v.1,9V5VPJ
Баллистический сопроцессор v.1,6ZK176
Антитокс,N43ZWJ
Усиленная мускулатура v.1,5T4P6C
Интралёд,PMDK6Z
Милитех броня подкожная v.2,NUCA81
Киберзащита Gen 2,7ZEIL1
Кибердека Зетатех D2,IGV4NK
Киберрука AR109,XKE83Y
Киберрука AR04,X966FV
Чип памяти,BBZN5W
Порт кибермодема,7YBAW7
Милитех броня подкожная v.1,36MEZ8
Киберзащита Gen 1,8NW6UJ
Кибердека EBM PNI 210,3RTUYW
Киберрука AR04,FFWMH8
Чип памяти,FHLCSW
Порт кибермодема,B36NU2
Милитех броня подкожная v.1,RY2GBP
Киберзащита Gen 1,8RTI82
Кибердека EBM PNI 210,G857G7
Киберзащита Gen 3,NG8YIU
Кибердека MT CAD-4,LHP47Y
Оптический камуфляж,289CMT
Арасака броня подкожная,4D24I8
Баллистический сопроцессор v.2,MJSKQW
Усиленная мускулатура v.2,T9WNWV
Киберрука AR2000,FDKJKK
Керензиков v.2,8I7B6M
Моноструна,FU4A1R
Спаситель,88RCEF
Берсерк,19RVRD
Регенератор,B5VTYB
Керензиков v.1,CF1JLA
Баллистический сопроцессор v.1,4HDF3S
Антитокс,JT69D4
Усиленная мускулатура v.1,FLJTCW
Интралёд,6AN2FR
Милитех броня подкожная v.2,BLE6BW
Киберзащита Gen 2,GF9A1Z
Кибердека Зетатех D2,C2H5UT
Киберрука AR109,KUJXI1
,
Page 4,
Регенератор,W2LDIV
Керензиков v.1,JHMV7M
Баллистический сопроцессор v.1,IEQV2X
Антитокс,GBMX3X
Усиленная мускулатура v.1,VPVXF1
Интралёд,KGW7Q4
Милитех броня подкожная v.2,H8D4SY
Киберзащита Gen 2,8NVP6H
Кибердека Зетатех D2,7GAL3R
Киберрука AR109,C6KI9Q
Киберрука AR04,RM8ZTX
Чип памяти,7HJTTR
Порт кибермодема,9ZF1IB
Милитех броня подкожная v.1,F68AVS
Киберзащита Gen 1,L9WV99
Кибердека EBM PNI 210,2B5N4D
Киберрука AR04,BUC2QM
Чип памяти,6UMUVJ
Порт кибермодема,WCJ1UR
Милитех броня подкожная v.1,1BREJN
Киберзащита Gen 1,YA7SI1
Кибердека EBM PNI 210,F3J5AT
Киберзащита Gen 3,C3JR85
Кибердека MT CAD-4,JPZEIT
Оптический камуфляж,MFK58X
Арасака броня подкожная,TYHPYF
Баллистический сопроцессор v.2,7BTFCM
Усиленная мускулатура v.2,J8EG6W
Киберрука AR2000,ZSWCRH
Керензиков v.2,ZSN7LM
Моноструна,LPT7FQ
Спаситель,MBFEZG
Берсерк,QI7GFN
Регенератор,YZFPWF
Керензиков v.1,GE2QUD
Баллистический сопроцессор v.1,4V81EZ
Антитокс,C5P83Y
Усиленная мускулатура v.1,GFLALF
Интралёд,ZKB8XD
Милитех броня подкожная v.2,6RZ2JQ
Киберзащита Gen 2,LGPV3T
Кибердека Зетатех D2,J7DEE1
Киберрука AR109,9LMA9S
,
Page 5,
Регенератор,9G8971
Керензиков v.1,BN5E1T
Баллистический сопроцессор v.1,KM61K1
Антитокс,FY9SHH
Усиленная мускулатура v.1,CPEAEM
Интралёд,IUFTKQ
Милитех броня подкожная v.2,XMAPKY
Киберзащита Gen 2,67MQDL
Кибердека Зетатех D2,HT37IT
Киберрука AR109,ZNRQ9R
Киберрука AR04,PF349U
Чип памяти,3Q4S5E
Порт кибермодема,C2LDPI
Милитех броня подкожная v.1,HW2X8L
Киберзащита Gen 1,IYC2LL
Кибердека EBM PNI 210,R8NGJ8
Киберрука AR04,2JYFGC
Чип памяти,69Z84Y
Порт кибермодема,JGPQR3
Милитех броня подкожная v.1,VS3WBT
Киберзащита Gen 1,1A8Z2N
Кибердека EBM PNI 210,M3MQH8
Киберзащита Gen 3,KS5MVE
Кибердека MT CAD-4,FKCNIB
Оптический камуфляж,W2BQ83
Арасака броня подкожная,ZKFIYX
Баллистический сопроцессор v.2,C55N4C
Усиленная мускулатура v.2,REWN3V
Киберрука AR2000,N5Y9IS
Керензиков v.2,JX1VLJ
Моноструна,LBEPFA
Спаситель,W1G82M
Берсерк,JEKTYQ
Регенератор,6PYGXK
Керензиков v.1,NRZRMU
Баллистический сопроцессор v.1,JKLRB9
Антитокс,LPHPPM
Усиленная мускулатура v.1,5HZPBQ
Интралёд,BH46YK
Милитех броня подкожная v.2,JK7T53
Киберзащита Gen 2,C5AN3P
Кибердека Зетатех D2,TANQKE
Киберрука AR109,PKBH9M
,
Page 6,
Регенератор,R7HGQH
Керензиков v.1,YGAWKE
Баллистический сопроцессор v.1,XU5PM5
Антитокс,WFKPRQ
Усиленная мускулатура v.1,BDMNUR
Интралёд,1RZVB9
Милитех броня подкожная v.2,ZEMMUR
Киберзащита Gen 2,MGY9GY
Кибердека Зетатех D2,J22VB9
Киберрука AR109,PFLDSX
Киберрука AR04,F2DSVB
Чип памяти,F2SB91
Порт кибермодема,HK9QCI
Милитех броня подкожная v.1,QUJEEZ
Киберзащита Gen 1,7YJVWU
Кибердека EBM PNI 210,KMZH5X
Киберрука AR04,TUUCMI
Чип памяти,LRGT7N
Порт кибермодема,GMFIAR
Милитех броня подкожная v.1,X41Y17
Киберзащита Gen 1,8CIQWF
Кибердека EBM PNI 210,NR3LX6
Киберзащита Gen 3,GDBGKP
Кибердека MT CAD-4,EBFK98
Оптический камуфляж,K3NQ32
Арасака броня подкожная,MC36GY
Баллистический сопроцессор v.2,3BKLTD
Усиленная мускулатура v.2,HZMGPA
Киберрука AR2000,38EXGY
Керензиков v.2,LZMPGC
Моноструна,16K2YF
Спаситель,TKBZK7
Берсерк,PCI9R1
Регенератор,LFILDA
Керензиков v.1,VQLLKR
Баллистический сопроцессор v.1,68248Q
Антитокс,KHNL2D
Усиленная мускулатура v.1,RC1YUZ
Интралёд,916Z6D
Милитех броня подкожная v.2,9NR5W3
Киберзащита Gen 2,Q999GQ
Кибердека Зетатех D2,KUX1XI
Киберрука AR109,6DUIPS
,
Page 7,
Регенератор,42W3EW
Керензиков v.1,JQEYLT
Баллистический сопроцессор v.1,5JH7FC
Антитокс,FH54DT
Усиленная мускулатура v.1,2XVKQF
Интралёд,9GL8EY
Милитех броня подкожная v.2,8GUHLW
Киберзащита Gen 2,ZADDBP
Кибердека Зетатех D2,TK9NAP
Киберрука AR109,8MGVYL
Киберрука AR04,CEVGAB
Чип памяти,RAWPY5
Порт кибермодема,E69T25
Милитех броня подкожная v.1,MDCDKC
Киберзащита Gen 1,3Q7PV2
Кибердека EBM PNI 210,MBL45L
Киберрука AR04,Z27N5V
Чип памяти,8YX8MY
Порт кибермодема,W1IW4F
Милитех броня подкожная v.1,CCB79K
Киберзащита Gen 1,NN9757
Кибердека EBM PNI 210,JDDCGY
Киберзащита Gen 3,E5K6MK
Кибердека MT CAD-4,LM4P67
Оптический камуфляж,F9NZED
Арасака броня подкожная,4X2PPW
Баллистический сопроцессор v.2,Z9W3VX
Усиленная мускулатура v.2,3VWWZ8
Киберрука AR2000,N9CRL6
Керензиков v.2,5CM5WZ
Моноструна,U3Y5FK
Спаситель,6MSV5M
Берсерк,TLX58W
Регенератор,2HWZ8R
Керензиков v.1,CTDV18
Баллистический сопроцессор v.1,V23Z4V
Антитокс,XDR1UF
Усиленная мускулатура v.1,HFS4M6
Интралёд,5PZCGJ
Милитех броня подкожная v.2,CYYV73
Киберзащита Gen 2,PAHP6H
Кибердека Зетатех D2,JPW1J2
Киберрука AR109,G857EI
,
Page 8,
Регенератор,QM75F5
Керензиков v.1,X93436
Баллистический сопроцессор v.1,8LDATF
Антитокс,VLASZT
Усиленная мускулатура v.1,8N7ZMM
Интралёд,ZF94GB
Милитех броня подкожная v.2,XJ38C7
Киберзащита Gen 2,QLGXDA
Кибердека Зетатех D2,7PS825
Киберрука AR109,GAPPMU
Киберрука AR04,Z6HWAG
Чип памяти,TRD46U
Порт кибермодема,JISJQ1
Милитех броня подкожная v.1,857M5K
Киберзащита Gen 1,N1STFQ
Кибердека EBM PNI 210,IZEMYF
Киберрука AR04,TCN1WR
Чип памяти,R3ZSXZ
Порт кибермодема,Y2TE3G
Милитех броня подкожная v.1,H8BZNN
Киберзащита Gen 1,YDWYYR
Кибердека EBM PNI 210,CVFMVV
Киберзащита Gen 3,U7XSDU
Кибердека MT CAD-4,3YXP7Q
Оптический камуфляж,X4MHN3
Арасака броня подкожная,IUEN54
Баллистический сопроцессор v.2,TN2F99
Усиленная мускулатура v.2,7AU8WB
Киберрука AR2000,Z6Q373
Керензиков v.2,C7QKRU
Моноструна,JL521S
Спаситель,VI516T
Берсерк,CURY9Z
Регенератор,BRS7Z2
Керензиков v.1,JH2Z29
Баллистический сопроцессор v.1,U6F9AM
Антитокс,UAIU21
Усиленная мускулатура v.1,PDCEBQ
Интралёд,3QHCFV
Милитех броня подкожная v.2,VQHWQ2
Киберзащита Gen 2,GHY54Q
Кибердека Зетатех D2,UVVLI4
Киберрука AR109,71SHGY
,
Page 9,
Регенератор,PDLART
Керензиков v.1,QLPG4I
Баллистический сопроцессор v.1,QUM2AA
Антитокс,2QY8FW
Усиленная мускулатура v.1,7565EZ
Интралёд,GJHLRT
Милитех броня подкожная v.2,CS5T8B
Киберзащита Gen 2,NKW7IE
Кибердека Зетатех D2,1PPQRC
Киберрука AR109,US3MRC
Киберрука AR04,52BVDZ
Чип памяти,5H3J6R
Порт кибермодема,717VN4
Милитех броня подкожная v.1,ES4CRM
Киберзащита Gen 1,IKXQQE
Кибердека EBM PNI 210,Q9WBAR
Киберрука AR04,NUL36Z
Чип памяти,CY3414
Порт кибермодема,FHNVFT
Милитех броня подкожная v.1,YHM53P
Киберзащита Gen 1,2GRMBD
Кибердека EBM PNI 210,1BG1L4
Киберзащита Gen 3,7N99FE
Кибердека MT CAD-4,7ZBU1P
Оптический камуфляж,HJF443
Арасака броня подкожная,4QEXEX
Баллистический сопроцессор v.2,EG6HRV
Усиленная мускулатура v.2,UEPAKE
Киберрука AR2000,J9KRC5
Керензиков v.2,76PHNZ
Моноструна,C7TBN4
Спаситель,6JK33E
Берсерк,KCX1M1
Регенератор,CDBLM6
Керензиков v.1,YID76K
Баллистический сопроцессор v.1,BZWSWC
Антитокс,IU1AK5
Усиленная мускулатура v.1,HF7J47
Интралёд,85XH7D
Милитех броня подкожная v.2,I9AZPB
Киберзащита Gen 2,HZVXDN
Кибердека Зетатех D2,EEZVAU
Киберрука AR109,QGWVF5
,
Page 10,
Регенератор,W4DFSI
Керензиков v.1,TE1BY3
Баллистический сопроцессор v.1,XKJ44L
Антитокс,9GNHAU
Усиленная мускулатура v.1,ES2HRL
Интралёд,NNFSZZ
Милитех броня подкожная v.2,9XYMB6
Киберзащита Gen 2,PLY9CY
Кибердека Зетатех D2,GVS7LB
Киберрука AR109,MCWRH2
Киберрука AR04,KA2YET
Чип памяти,I1W8H3
Порт кибермодема,T5X67N
Милитех броня подкожная v.1,3AEWDG
Киберзащита Gen 1,F97KNJ
Кибердека EBM PNI 210,GL3NG8
Киберрука AR04,MNUNGU
Чип памяти,JDURZW
Порт кибермодема,FJ7XYY
Милитех броня подкожная v.1,BFJM8X
Киберзащита Gen 1,6KAGQY
Кибердека EBM PNI 210,R9IMD8
Киберзащита Gen 3,94CYSL
Кибердека MT CAD-4,CLTL4Z
Оптический камуфляж,XTXV6I
Арасака броня подкожная,M6BGNX
Баллистический сопроцессор v.2,GFT1Q4
Усиленная мускулатура v.2,Y43XHT
Киберрука AR2000,QQT4MZ
Керензиков v.2,F1GLRN
Моноструна,NKEYKM
Спаситель,PRYRRC
Берсерк,BUJ67D
Регенератор,8IXI1B
Керензиков v.1,69IKU1
Баллистический сопроцессор v.1,MDGWZ6
Антитокс,MF6IUH
Усиленная мускулатура v.1,BFNQZD
Интралёд,3ZPKWD
Милитех броня подкожная v.2,46F3G7
Киберзащита Gen 2,HUK293
Кибердека Зетатех D2,2R7C71
Киберрука AR109,YLMR4X
,
Page 11,
Регенератор,K24VYR
Керензиков v.1,XBYG21
Баллистический сопроцессор v.1,IELDZH
Антитокс,8KCEPT
Усиленная мускулатура v.1,FXA22P
Интралёд,5L8ICE
Милитех броня подкожная v.2,WD6DFI
Киберзащита Gen 2,9R6CGR
Кибердека Зетатех D2,78A81U
Киберрука AR109,7FQRLL
Киберрука AR04,FC6JVR
Чип памяти,VSWPP4
Порт кибермодема,GT5QTR
Милитех броня подкожная v.1,EGNDYC
Киберзащита Gen 1,FYL9WU
Кибердека EBM PNI 210,N3AIQJ
Киберрука AR04,H5PLE8
Чип памяти,NRDY2M
Порт кибермодема,TGXZGY
Милитех броня подкожная v.1,BB3GW5
Киберзащита Gen 1,7UW3TK
Кибердека EBM PNI 210,MZ5YUR
Киберзащита Gen 3,ZP1DZF
Кибердека MT CAD-4,PHFEXM
Оптический камуфляж,KZR72Z
Арасака броня подкожная,PZ6K9V
Баллистический сопроцессор v.2,ZB94RY
Усиленная мускулатура v.2,2SFAR3
Киберрука AR2000,MSP7FU
Керензиков v.2,BSCJSY
Моноструна,K5U3IK
Спаситель,3AH37C
Берсерк,FFFJCH
Регенератор,9GK5JE
Керензиков v.1,1W63LG
Баллистический сопроцессор v.1,UKB4EQ
Антитокс,T1HFC6
Усиленная мускулатура v.1,9MGTCQ
Интралёд,N7N1DD
Милитех броня подкожная v.2,54G3AN
Киберзащита Gen 2,CY88GX
Кибердека Зетатех D2,GRI49K
Киберрука AR109,8CPII3
,
Page 12,
Регенератор,MSJ2VF
Керензиков v.1,6MSQNQ
Баллистический сопроцессор v.1,TLEN4S
Антитокс,GAFKZX
Усиленная мускулатура v.1,9RMEED
Интралёд,PS1IR2
Милитех броня подкожная v.2,3VG5CY
Киберзащита Gen 2,3NTCDT
Кибердека Зетатех D2,N3LQVI
Киберрука AR109,1I6Q3P
Киберрука AR04,HNZA3P
Чип памяти,QMR995
Порт кибермодема,9RML6C
Милитех броня подкожная v.1,LVRHZP
Киберзащита Gen 1,KMKII2
Кибердека EBM PNI 210,QPXIPC
Киберрука AR04,73PRWN
Чип памяти,ZJTH2Z
Порт кибермодема,EKTXWK
Милитех броня подкожная v.1,UM4DKM
Киберзащита Gen 1,FUAT24
Кибердека EBM PNI 210,I4B2HT
Киберзащита Gen 3,GRXU5W
Кибердека MT CAD-4,ZFPG8Z
Оптический камуфляж,XEG9GN
Арасака броня подкожная,1IIURD
Баллистический сопроцессор v.2,V4USFY
Усиленная мускулатура v.2,GPGATB
Киберрука AR2000,4GKU84
Керензиков v.2,MLFJVU
Моноструна,QUBVAA
Спаситель,Q2126G
Берсерк,E5ALDS
Регенератор,BKJLTV
Керензиков v.1,57Y7WQ
Баллистический сопроцессор v.1,6NBPGF
Антитокс,6P13JE
Усиленная мускулатура v.1,2QVYJY
Интралёд,1DQAF4
Милитех броня подкожная v.2,ZD6V8W
Киберзащита Gen 2,U48921
Кибердека Зетатех D2,6D66CG
Киберрука AR109,YHTG8Q
