Джек Купер,927451,8UY5Q6
Каз Бреккер,720584,4B9SDZ
Джон Дэвис,391226,PG47KK
Фокс Малдер,802622,Q8A2AE
Акари Агава,476681,ZEKN4V
Стив Мэтьюз,152491,2WHDSG,  <-- here
Морган Блэкхенд ,279161,PKJXIM
Тояма Токанава,997916,IXZAMV,  <-- here
Дэн Вачовски,347735,8BA3M6
Карен Буффало ,515289,Q426TX,  <-- here
Адам Смешер,461105,VCQMKJ
Каташи Танака,361819,XJDZMV
Джек Ромеро,653029,92XQN2
Курт Маккарти,603737,5DVB48
Виктор Пирс,358413,1UFN6U,  <-- here
Ричард Фальконе,424642,VSBGND
Виктор мак Берн,428602,GHAENU
Дэйвид Фьюри,983366,KTHXS5
Бой Джордж,429135,QYGLYS
Ганс Черный,436687,XQSTP4
Майкл Аберкромби,956551,3ML1B3
Стив Джобси,732294,KU5SIJ,  <-- here
Оками Юки,769335,GWQRCG,  <-- here
Кацуко Сано,741604,8JY65N
Куро Шито,257597,KZQ2UN
Джон Роберт Линдер ,360026,KP7PBM,  <-- here
Мицуки Скай,997603,UL9WNX,  <-- here
Джулия Санж,697329,WISM9N
Рейчел Сандерс,481354,TSQNYT
Джиа Саттон ,887283,E5PE9J
Элис Купер,957304,FNMV3X
Саломея Танди,887719,3MIHLT
Эдвард Бош,865646,K8RTPG
Джек Монтана,229021,BJAV9Q,  <-- here
Антонио Монтана ,510506,53QYWF
Уильям Киллиган,592183,HAALTQ
Джули Лока,186413,HGMCT4
Кейт Роу,152772,KQZL4P,  <-- here
Кики Пендавис,463398,NSRBP8
Дин Клируотер ,843109,94GV74
Александра Грау,320218,9YWBES,  <-- here
Шенк О'Райли,130673,FIQZYN
Анна Севен,476584,1JVMDI,  <-- here
Ребекка Свонсон ,625228,PK6DHG
Анна Романова,837094,H582MI
Максим Морозов,389665,BLCRDJ
Нина Рид,915465,7TVWR3
Фрэнсис Брэнз,479361,FI3HRL
Гестия Пеппер,678132,J1QQLK
Ванесса Холенхайм,684221,7UW174
Эффи Стоунз,165573,UBLQTT
Айрами Каи,619077,K3FG5T,  <-- here
Нед Ноутс,329833,1TDKP2,  <-- here
Джон Фриз,308217,LM1GUM,  <-- here
Синбия Элл,923088,68Y3AZ
Смедли Дарлингтон Баттли,321143,JAKY8N
Роберт Боб,932933,7PYN5N
Зед Уиллис,683106,1L7MFN
Джейн Лоусон,443476,IIXD9T,  <-- here
Моника Стилл,694388,ZP7W96
Дженнифер Ольшевская,998779,HY8ZHB,  <-- here
Том Барни,152721,BIT2AA,  <-- here
Уильям Билл,521770,2SMI3U
Эли Крофт,192753,5P5VNT
Фенимор Купер ,965172,J25D3H,  <-- here
Тодд Куинлан ,154183,LUW4CG
Джордан Бергман ,770730,Y81TB7
Леннон Мэнсон ,131025,Y1S8ZH
Хантер Креспо ,103194,LKEC2E
Джейми Калвер ,446535,FXSJZ3
Эвери Аргуэта ,885149,4ALKAZ,  <-- here
Эддисон Оукс ,730775,RVSXCB,  <-- here
Алексис Эшби ,731580,63RX98
Бруклин Уиттакер ,878722,MT4BFX
Монро Этвуд ,388813,6E5IKY
Кассиди Уитлок ,236671,9JUTDN
Лесли Финни ,681775,EHNJ6D,  <-- here
Тиган Гербер ,544215,CTVBQI
Джинджер Дафф ,469036,H5VD6D
Гаэль Тамайо ,707812,XJIYX6,  <-- here
Керри Линкольн ,124592,EQLKPA,  <-- here
Брайс Каррера ,866985,GZTF52
Индиго Ринг ,107379,1FSJVC
Лиам Лафлин ,144024,ZSUPFR
Элайджа Брэннон ,676936,FWNLW9
Оливер Эбернати ,209111,7B2AYK,  <-- here
Лукас Монтаньез ,355706,1C9PSQ
Генри Лондон ,513406,5IPAVL
Кристофер Казарес ,512820,T8PVPV,  <-- here
Джастин Орурк ,537720,9RXGX2,  <-- here
Джереми Бреннер ,538639,5PTQ8N
Киран Шрайбер ,515434,YTZWK3
Меган Соренсон ,671153,7M7N6U
Эмма Дорроу ,533708,4MSGHN
Эва Брюнер ,523518,7LF7BA
София Хэйуорд ,363476,Q94EVL,  <-- here
Мия Вергара ,643438,GN3ZMX,  <-- here
Алана Тальбот ,445897,VNF9IS
Тереза Карлос ,286500,5SJH7R
Эвелин Драйвер ,770605,LUN8T1
Саманта Чонг ,160637,WX9HLJ
Габриэла Дельгадиййо ,973322,M3W1YH
Лаура Армента ,580184,6MXFEN
Мария Линд ,388915,2JHLJM
Оливия Феррара ,167034,GQD98M
Морена Эстрелла ,613027,FJVR5L
Петра Сиру,150786,QEBN4Z
